First Name,Last Name,Datetime,Email Address,Gender,Street Address
Conchita,McGawn,06/30/2019,cmcgawn0@geocities.com,Male,70 Nobel Street
Phedra,,08/13/2017,pspurway1@harvard.edu,Non-binary,41770 Northview Trail
Benjy,Catteroll,08/30/2016,bcatteroll2@mtv.com,Polygender,64562 Hazelcrest Road
Richart,Wassell,11/25/2018,rwassell3@china.com.cn,Male,1 Linden Crossing
Joceline,Shewen,03/07/2016,jshewen4@shop-pro.jp,Genderqueer,7 Moulton Alley
Ardelle,Stennett,03/07/2020,astennett5@tumblr.com,Female,3 Meadow Vale Way
Robina,Hayle,04/08/2019,rhayle6@live.com,Genderfluid,6935 Transport Pass
Keven,Labrone,11/08/2019,klabrone7@google.ca,Polygender,238 Arrowood Terrace
Dimitri,Gouldsmith,07/25/2018,dgouldsmith8@patch.com,Genderqueer,087 Sheridan Park
Clarice,Kalinovich,02/20/2016,ckalinovich9@mit.edu,Genderfluid,093 Summit Hill
Pamelina,Trask,07/19/2018,ptraska@livejournal.com,Polygender,71415 Northland Pass
Imogene,Pogson,10/10/2017,ipogsonb@gnu.org,Male,819 Elgar Street
Danna,Goodday,05/06/2017,dgooddayc@about.com,,3146 Northport Pass
Kyle,Peach,11/05/2018,kpeachd@reuters.com,Male,08611 Pearson Center
Abagael,Brickner,04/27/2017,abricknere@e-recht24.de,Non-binary,62 Cordelia Terrace
Fenelia,Moggach,10/30/2020,fmoggachf@tiny.cc,Male,499 Mcbride Drive
Lanny,Gibbon,05/09/2020,lgibbong@harvard.edu,,795 Mayer Park
Alfy,Smalecombe,07/25/2016,asmalecombeh@auda.org.au,Polygender,447 Spohn Crossing
Lorelle,Balnaves,06/03/2020,lbalnavesi@flavors.me,Non-binary,98501 Claremont Avenue
Melba,,01/03/2021,mrikkardj@edublogs.org,,14 South Road
